name,address,lat,lng,tel,website,google_url,google_rating,yelp_rating,yelp_review_count,yelp_url
804 Motorsports LLC,16600 Jefferson Davis Highway Suite B Colonial Heights,37.2948501,-77.41138190000001,+1 804-543-9493,https://www.facebook.com/804motorsportsllc/,https://maps.google.com/?cid=11220809478258077636,5,,,
Adventure BMW,669 Woodlake Drive Chesapeake,36.78953509999999,-76.2374382,+1 757-523-7055,http://www.adventurebmw.com/,https://maps.google.com/?cid=5993490624828208776,3.5,5,1,https://www.yelp.com/biz/adventure-bmw-chesapeake?adjust_creative=qOC01QrH4IaU62En4-mvXg&utm_campaign=yelp_api_v3&utm_medium=api_v3_phone_search&utm_source=qOC01QrH4IaU62En4-mvXg
All Aspects Motorsports,136 Tilden Avenue Chesapeake,36.725759,-76.244457,+1 757-547-2888,http://www.allaspectsmotorsports.com/,https://maps.google.com/?cid=11573359974751657340,4.9,4.5,3,https://www.yelp.com/biz/all-aspects-motorsports-chesapeake?adjust_creative=qOC01QrH4IaU62En4-mvXg&utm_campaign=yelp_api_v3&utm_medium=api_v3_phone_search&utm_source=qOC01QrH4IaU62En4-mvXg
All Out Cycles,108 Kempsville Road # 103 Chesapeake,36.7324559,-76.23885199999999,+1 757-549-0066,http://www.alloutcycles.com/,https://maps.google.com/?cid=5735942402781201865,4.5,3,3,https://www.yelp.com/biz/all-out-cycles-chesapeake?adjust_creative=qOC01QrH4IaU62En4-mvXg&utm_campaign=yelp_api_v3&utm_medium=api_v3_phone_search&utm_source=qOC01QrH4IaU62En4-mvXg
Alpha Motorsports,410 Hudgins Road Fredericksburg,38.2720887,-77.4946678,+1 540-891-4449,http://www.alphamotorsport.net/,https://maps.google.com/?cid=8696127937488329580,4.1,2.5,21,https://www.yelp.com/biz/alpha-motorsports-fredericksburg?adjust_creative=qOC01QrH4IaU62En4-mvXg&utm_campaign=yelp_api_v3&utm_medium=api_v3_phone_search&utm_source=qOC01QrH4IaU62En4-mvXg
Alpha Motorsports of Manassas,9120 Euclid Avenue Manassas,38.7572789,-77.4572309,+1 703-763-4675,http://www.alphamotorsport.net/,https://maps.google.com/?cid=15127963299622104008,4.9,,,
Angel Motorsports,2515 South Military Highway Chesapeake,36.7764226,-76.28334799999999,+1 757-438-8769,http://www.angelmotorsports.com/,https://maps.google.com/?cid=17778054516706310290,4.6,,,
Atlas Yamaha,2377 Lee Highway Bristol,36.6277804,-82.1500764,+1 276-669-6666,http://www.atlashondayamaha.com/,https://maps.google.com/?cid=4673018850369328938,3.5,2.5,3,https://www.yelp.com/biz/atlas-honda-yamaha-bristol?adjust_creative=qOC01QrH4IaU62En4-mvXg&utm_campaign=yelp_api_v3&utm_medium=api_v3_phone_search&utm_source=qOC01QrH4IaU62En4-mvXg
Ballenger Motorsports Inc.,8052 Elm Drive Ste G Mechanicsville,37.59664420000001,-77.37365419999999,+1 804-915-7201,http://www.bmotorsports.com/,https://maps.google.com/?cid=16745880781329267220,5,,,
Bayside Harley-Davidson®,2211 Frederick Boulevard Portsmouth,36.822501,-76.329842,+1 757-397-5550,http://www.baysidehd.com/,https://maps.google.com/?cid=8143380413025416296,4.4,4,17,https://www.yelp.com/biz/bayside-harley-davidson-portsmouth-2?adjust_creative=qOC01QrH4IaU62En4-mvXg&utm_campaign=yelp_api_v3&utm_medium=api_v3_phone_search&utm_source=qOC01QrH4IaU62En4-mvXg
Big St. Charles Motorsports,3830 West Clay Street Saint Charles,38.7946179,-90.5615523,+1 636-946-6487,http://www.bigstcharlesmotorsports.com/,https://maps.google.com/?cid=8683384508069583967,3.7,4,9,https://www.yelp.com/biz/st-charles-harley-davidson-saint-charles?adjust_creative=qOC01QrH4IaU62En4-mvXg&utm_campaign=yelp_api_v3&utm_medium=api_v3_phone_search&utm_source=qOC01QrH4IaU62En4-mvXg
Black Bear Harley-Davidson,430 Lithia Road Wytheville,36.9508032,-81.0557714,+1 276-228-9000,http://www.blackbearhd.com/,https://maps.google.com/?cid=856304400658906813,4.6,3,3,https://www.yelp.com/biz/black-bear-harley-davidson-wytheville-4?adjust_creative=qOC01QrH4IaU62En4-mvXg&utm_campaign=yelp_api_v3&utm_medium=api_v3_phone_search&utm_source=qOC01QrH4IaU62En4-mvXg
Black Wolf Harley-Davidson®,1061 Old Abingdon Hwy #1 Bristol,36.6247398,-82.15410680000001,+1 888-797-9653,http://www.blackwolfharley.com/,https://maps.google.com/?cid=5891736523785601221,4.3,,,
Blalock Cycle Co.,170 West Lee Highway Warrenton,38.728071,-77.79694599999999,+1 540-347-4591,http://www.blalockmotorcycles.com/,https://maps.google.com/?cid=12127858572351495643,4.6,3,6,https://www.yelp.com/biz/blalock-cycle-warrenton?adjust_creative=qOC01QrH4IaU62En4-mvXg&utm_campaign=yelp_api_v3&utm_medium=api_v3_phone_search&utm_source=qOC01QrH4IaU62En4-mvXg
Blue Ridge Power Sports,20 Heritage Drive Harrisonburg,38.3892279,-78.9189142,+1 540-434-7345,http://www.blueridgepowersports.com/,https://maps.google.com/?cid=4794579132230584066,4.7,5,4,https://www.yelp.com/biz/blue-ridge-powersports-harrisonburg?adjust_creative=qOC01QrH4IaU62En4-mvXg&utm_campaign=yelp_api_v3&utm_medium=api_v3_phone_search&utm_source=qOC01QrH4IaU62En4-mvXg
Bob Weaver Motorsports & Marine,3400 Niagara Falls Boulevard North Tonawanda,43.0719412,-78.8575043,+1 716-693-1500,http://www.weaverfever.com/,https://maps.google.com/?cid=839240406516143034,4.2,5,6,https://www.yelp.com/biz/bob-weaver-motorsports-and-marine-north-tonawanda?adjust_creative=qOC01QrH4IaU62En4-mvXg&utm_campaign=yelp_api_v3&utm_medium=api_v3_phone_search&utm_source=qOC01QrH4IaU62En4-mvXg
Brian Jones Motorsports Inc,2902 Riverside Drive Danville,36.58990989999999,-79.4199459,+1 434-793-2453,http://www.brianjonesmotorsports.com/,https://maps.google.com/?cid=15018334165406946551,4.3,,,
Bryant Motorsports Auto Sales,2230 High Street Portsmouth,36.8349938,-76.3285977,+1 757-393-2600,http://www.bryantmotorsportsautosales.com/,https://maps.google.com/?cid=10870499680181935932,3.8,,,
Buck's Motorsports Inc.,13090 Main Street Akron,42.9984218,-78.4993053,+1 716-542-5855,http://www.bucksmotorsports.com/,https://maps.google.com/?cid=4833305961792624096,4.2,1,5,https://www.yelp.com/biz/bucks-motor-sports-inc-akron?adjust_creative=qOC01QrH4IaU62En4-mvXg&utm_campaign=yelp_api_v3&utm_medium=api_v3_phone_search&utm_source=qOC01QrH4IaU62En4-mvXg
Carts Unlimited,727 North Main Street Suffolk,36.7408217,-76.5837018,+1 757-965-5273,http://www.carts-unlimited-va.com/,https://maps.google.com/?cid=14486764355379842633,4.4,1,1,https://www.yelp.com/biz/carts-unlimited-suffolk?adjust_creative=qOC01QrH4IaU62En4-mvXg&utm_campaign=yelp_api_v3&utm_medium=api_v3_phone_search&utm_source=qOC01QrH4IaU62En4-mvXg
Chix Custom Cycles,3745 Shore Drive Virginia Beach,36.9073919,-76.1018641,+1 757-363-2453,http://www.chixcustomcycles.com/,https://maps.google.com/?cid=2067517578727082974,5,3.5,3,https://www.yelp.com/biz/chix-custom-cycles-virginia-beach?adjust_creative=qOC01QrH4IaU62En4-mvXg&utm_campaign=yelp_api_v3&utm_medium=api_v3_phone_search&utm_source=qOC01QrH4IaU62En4-mvXg
Classic Iron Motorcycles,4907 Jefferson Davis Highway Fredericksburg,38.25765,-77.498969,+1 540-479-1114,http://www.classiciron.com/,https://maps.google.com/?cid=6627569171750114578,4.4,3.5,15,https://www.yelp.com/biz/classic-iron-fredericksburg?adjust_creative=qOC01QrH4IaU62En4-mvXg&utm_campaign=yelp_api_v3&utm_medium=api_v3_phone_search&utm_source=qOC01QrH4IaU62En4-mvXg
Coleman PowerSports,435 South Washington Street Falls Church,38.8794371,-77.1755699,+1 703-237-3400,http://www.wherethepoweris.com/,https://maps.google.com/?cid=11808926473252556208,4.2,3,135,https://www.yelp.com/biz/coleman-powersports-falls-church-2?adjust_creative=qOC01QrH4IaU62En4-mvXg&utm_campaign=yelp_api_v3&utm_medium=api_v3_phone_search&utm_source=qOC01QrH4IaU62En4-mvXg
Coleman PowerSports,14105 Telegraph Road Woodbridge,38.64569760000001,-77.2875648,+1 703-497-1500,http://www.wherethepoweris.com/,https://maps.google.com/?cid=18079575009565060388,4.2,2.5,45,https://www.yelp.com/biz/coleman-powersports-woodbridge?adjust_creative=qOC01QrH4IaU62En4-mvXg&utm_campaign=yelp_api_v3&utm_medium=api_v3_phone_search&utm_source=qOC01QrH4IaU62En4-mvXg
Colonial Harley-Davidson,1701 Temple Parkway Prince George,37.2502496,-77.3701198,+1 804-861-4700,http://www.colonialhd.com/,https://maps.google.com/?cid=171289022959541211,4.7,5,3,https://www.yelp.com/biz/colonial-harley-davidson-prince-george?adjust_creative=qOC01QrH4IaU62En4-mvXg&utm_campaign=yelp_api_v3&utm_medium=api_v3_phone_search&utm_source=qOC01QrH4IaU62En4-mvXg
Commonwealth Motorsports,3479-3497 George Washington Memorial Highway Hayes,37.3028785,-76.51239439999999,+1 804-642-2200,http://www.commonwealthmotorsports.com/,https://maps.google.com/?cid=8267057425175273608,5,,,
Conte's Bike Shop,1036 Volvo Parkway #5 Chesapeake,36.7702912,-76.22397160000001,+1 757-410-8844,http://contebikes.com/about/chesapeake-va-pg237.htm,https://maps.google.com/?cid=14593842739924292234,4.7,4.5,10,https://www.yelp.com/biz/contes-bike-shop-chesapeake?adjust_creative=qOC01QrH4IaU62En4-mvXg&utm_campaign=yelp_api_v3&utm_medium=api_v3_phone_search&utm_source=qOC01QrH4IaU62En4-mvXg
Crossbay Motorsports of Bay Shore,1660 Sunrise Highway Bay Shore,40.7357859,-73.24485489999999,+1 631-206-6851,http://www.crossbaymotorsports.com/,https://maps.google.com/?cid=8498520290282835742,4.5,3.5,10,https://www.yelp.com/biz/crossbay-motorsports-bay-shore-2?adjust_creative=qOC01QrH4IaU62En4-mvXg&utm_campaign=yelp_api_v3&utm_medium=api_v3_phone_search&utm_source=qOC01QrH4IaU62En4-mvXg
Ct3 Motor Sports,33 McWhirt Loop # 110 Fredericksburg,38.35365729999999,-77.5128809,+1 540-899-9465,,https://maps.google.com/?cid=12776412832896349364,4.8,5,2,https://www.yelp.com/biz/ct3-motor-sports-fredericksburg?adjust_creative=qOC01QrH4IaU62En4-mvXg&utm_campaign=yelp_api_v3&utm_medium=api_v3_phone_search&utm_source=qOC01QrH4IaU62En4-mvXg
Cycle City Corp,634 J Clyde Morris Boulevard Newport News,37.07417,-76.4718443,+1 757-595-9721,http://www.cyclecitycorp.com/,https://maps.google.com/?cid=11635934607584984506,3.2,2.5,4,https://www.yelp.com/biz/casey-cycle-city-honda-power-equipment-newport-news?adjust_creative=qOC01QrH4IaU62En4-mvXg&utm_campaign=yelp_api_v3&utm_medium=api_v3_phone_search&utm_source=qOC01QrH4IaU62En4-mvXg
Cycle Gear,1547 East Little Creek Road Norfolk,36.915955,-76.231869,+1 757-480-5680,http://www.cyclegear.com/,https://maps.google.com/?cid=8049286209361365173,4.7,4.5,6,https://www.yelp.com/biz/cycle-gear-norfolk?adjust_creative=qOC01QrH4IaU62En4-mvXg&utm_campaign=yelp_api_v3&utm_medium=api_v3_phone_search&utm_source=qOC01QrH4IaU62En4-mvXg
Cycle World,4972 Virginia Beach Boulevard Virginia Beach,36.844102,-76.14976100000001,+1 757-499-4146,http://www.vbcycleworld.com/,https://maps.google.com/?cid=12032453983762743648,3.7,2.5,12,https://www.yelp.com/biz/cycle-world-virginia-beach-2?adjust_creative=qOC01QrH4IaU62En4-mvXg&utm_campaign=yelp_api_v3&utm_medium=api_v3_phone_search&utm_source=qOC01QrH4IaU62En4-mvXg
DeLand Motorsports,2610 S Woodland Blvd DeLand,28.9826022,-81.30025449999999,+1 386-740-2453,http://www.delandmotorsports.com/,https://maps.google.com/?cid=8429068281648125102,4.6,5,3,https://www.yelp.com/biz/deland-motorsports-deland?adjust_creative=qOC01QrH4IaU62En4-mvXg&utm_campaign=yelp_api_v3&utm_medium=api_v3_phone_search&utm_source=qOC01QrH4IaU62En4-mvXg
Delta V Motorsports,1510 Webster Street Richmond,37.55664429999999,-77.4467205,+1 804-355-4440,http://www.deltavmotorsports.com/,https://maps.google.com/?cid=4365405820059933517,5,5,16,https://www.yelp.com/biz/delta-v-motorsports-richmond?adjust_creative=qOC01QrH4IaU62En4-mvXg&utm_campaign=yelp_api_v3&utm_medium=api_v3_phone_search&utm_source=qOC01QrH4IaU62En4-mvXg
Diamond Motor Sports Inc,4595 South Dupont Highway Dover,39.095532,-75.545042,+1 302-697-3222,http://www.ridedms.com/,https://maps.google.com/?cid=14929678593301300903,4.6,3.5,5,https://www.yelp.com/biz/diamond-motor-sports-dover-4?adjust_creative=qOC01QrH4IaU62En4-mvXg&utm_campaign=yelp_api_v3&utm_medium=api_v3_phone_search&utm_source=qOC01QrH4IaU62En4-mvXg
Dillon Brothers MotorSports,3848 North HWS Cleveland Boulevard Omaha,41.293817,-96.187909,+1 402-556-3333,http://www.dilloncycles.com/,https://maps.google.com/?cid=1660546960045259845,4.7,4,3,https://www.yelp.com/biz/dillon-brothers-motorsports-omaha?adjust_creative=qOC01QrH4IaU62En4-mvXg&utm_campaign=yelp_api_v3&utm_medium=api_v3_phone_search&utm_source=qOC01QrH4IaU62En4-mvXg
Direct Motorsport of Virginia Beach,4933 A Virginia Beach Boulevard Virginia Beach,36.84334,-76.147341,+1 757-321-1975,http://godirect757.com/,https://maps.google.com/?cid=12419703357328784919,4.4,,,
Dixie Motorsports Inc,525 East Pinner Street Suffolk,36.7376845,-76.56870860000001,+1 757-328-3699,http://www.dixiemotorsports.com/,https://maps.google.com/?cid=6208444991900980646,1,,,
DLUX MOTORSPORTS,4615 Ewell Road Fredericksburg,38.253538,-77.502467,+1 540-898-1300,http://www.dlux-motorsports.com/,https://maps.google.com/?cid=10350210051967699348,4.5,1,1,https://www.yelp.com/biz/dlux-motorsports-fredericksburg?adjust_creative=qOC01QrH4IaU62En4-mvXg&utm_campaign=yelp_api_v3&utm_medium=api_v3_phone_search&utm_source=qOC01QrH4IaU62En4-mvXg
Dreamworks Motorsports,707 Leasburg Road Roxboro,36.3910282,-79.0012522,+1 336-599-3388,http://www.dreamworksmotorsports.com/,https://maps.google.com/?cid=18066619880509939502,4.6,,,
Driver Motorsports,10629 Wards Road Rustburg,37.27453939999999,-79.1705798,+1 888-360-8536,http://www.drivermotorsports.com/,https://maps.google.com/?cid=12209683704260855599,4.9,,,
Duc Pond Motosports,663 North Loudoun Street Winchester,39.19573219999999,-78.16160309999999,+1 540-667-3498,http://www.ducpond.com/,https://maps.google.com/?cid=4188110358243626918,5,5,9,https://www.yelp.com/biz/duc-pond-motorsports-winchester?adjust_creative=qOC01QrH4IaU62En4-mvXg&utm_campaign=yelp_api_v3&utm_medium=api_v3_phone_search&utm_source=qOC01QrH4IaU62En4-mvXg
Ducati,George Washington Memorial Highway Yorktown,37.1813635,-76.4829821,,http://www.redlinemotors.com/,https://maps.google.com/?cid=18195898870253588176,,,,
EF Motorsports,11602 Jefferson Avenue Newport News,37.0721473,-76.4729552,+1 757-599-0400,http://www.efmotorsports.com/,https://maps.google.com/?cid=12515431605373279239,2.1,,,
Ellicott City Motor Sports Inc,3275 Bethany Lane Ellicott City,39.280637,-76.859172,+1 410-203-2119,http://www.ellicottcitymotorsports.com/,https://maps.google.com/?cid=4974048498503387470,3.8,4,8,https://www.yelp.com/biz/ellicott-city-motorsports-ellicott-city?adjust_creative=qOC01QrH4IaU62En4-mvXg&utm_campaign=yelp_api_v3&utm_medium=api_v3_phone_search&utm_source=qOC01QrH4IaU62En4-mvXg
EUBMW,3025 Colvin Street Alexandria,38.8070855,-77.082492,+1 571-294-2386,http://www.eubmw.com/,https://maps.google.com/?cid=7546580167431733238,4.6,4.5,14,https://www.yelp.com/biz/eubmw-alexandria?adjust_creative=qOC01QrH4IaU62En4-mvXg&utm_campaign=yelp_api_v3&utm_medium=api_v3_phone_search&utm_source=qOC01QrH4IaU62En4-mvXg
EVOLUTION MOTORSPORT ENGINEERING,88 Le Way Drive #123 Fredericksburg,38.350119,-77.516121,+1 540-737-8779,http://www.evolution-motorsport.com/,https://maps.google.com/?cid=8006539644425440510,4.1,,,
Excessive Motorsports,9108 Euclid Avenue Manassas,38.7582028,-77.4565119,+1 703-331-1422,,https://maps.google.com/?cid=9804650170236020947,5,5,4,https://www.yelp.com/biz/excessive-motor-sport-manassas-park?adjust_creative=qOC01QrH4IaU62En4-mvXg&utm_campaign=yelp_api_v3&utm_medium=api_v3_phone_search&utm_source=qOC01QrH4IaU62En4-mvXg
Extreme Powersports Inc,4106 Lafayette Boulevard Fredericksburg,38.261769,-77.4933965,+1 540-891-4009,http://extremepowersport.com/,https://maps.google.com/?cid=10498055396593035946,4.3,,,
F40 Motorsports,464 Portland-Cobalt Rd Portland,41.5697378,-72.6227885,+1 860-342-5705,http://www.f40.com/,https://maps.google.com/?cid=17993344851652355915,4.4,3.5,3,https://www.yelp.com/biz/f-40-motorsports-portland?adjust_creative=qOC01QrH4IaU62En4-mvXg&utm_campaign=yelp_api_v3&utm_medium=api_v3_phone_search&utm_source=qOC01QrH4IaU62En4-mvXg
Farmville Motorsports,1811 West 3rd Street Farmville,37.30772839999999,-78.41740109999999,+1 434-392-6103,http://www.farmvillemotorsports.com/,https://maps.google.com/?cid=13311323207937689451,,,,
Foothills Motorsports,104 Halter Drive Piedmont,34.78147,-82.474322,+1 864-527-7433,http://www.foothillsmotorsportspiedmont.com/,https://maps.google.com/?cid=1856577948983742662,3.9,,,
Fredericksburg Motor Sports,430 Kings Highway Fredericksburg,38.2860101,-77.4386772,+1 540-899-9100,http://www.fmscycles.com/,https://maps.google.com/?cid=11159180878113426280,4,3,13,https://www.yelp.com/biz/fredericksburg-motor-sports-fredericksburg-3?adjust_creative=qOC01QrH4IaU62En4-mvXg&utm_campaign=yelp_api_v3&utm_medium=api_v3_phone_search&utm_source=qOC01QrH4IaU62En4-mvXg
Friendship Motorsports,2033 West State Street Bristol,36.596277,-82.20692699999999,+1 276-644-4700,http://www.friendshipmotorsports.com/,https://maps.google.com/?cid=12142046320057947128,4.7,3,1,https://www.yelp.com/biz/friendship-motorsports-bristol?adjust_creative=qOC01QrH4IaU62En4-mvXg&utm_campaign=yelp_api_v3&utm_medium=api_v3_phone_search&utm_source=qOC01QrH4IaU62En4-mvXg
Frontline Eurosports,1003 Electric Road Salem,37.2794476,-80.03567489999999,+1 540-387-9780,http://www.frontlineeurosports.com/,https://maps.google.com/?cid=13340372508814296467,4.7,,,
Full Throttle Motorsports,9555 Woodlane Drive Dimondale,42.680871,-84.65102399999999,+1 888-851-7788,http://www.fullthrottlemotorsports.com/,https://maps.google.com/?cid=5849034688606657786,4.2,,,
Gemini Motorcycles,45690 Elmwood Court #150 Sterling,39.022441,-77.420087,+1 703-728-2594,http://geminimotorcycles.com/,https://maps.google.com/?cid=7718718965953889944,4.9,4.5,10,https://www.yelp.com/biz/gemini-motorcycles-sterling?adjust_creative=qOC01QrH4IaU62En4-mvXg&utm_campaign=yelp_api_v3&utm_medium=api_v3_phone_search&utm_source=qOC01QrH4IaU62En4-mvXg
Greater Boston Motorsports,1098 Massachusetts Avenue Arlington,42.4214053,-71.1721986,+1 781-648-1300,http://www.greaterbostonmotorsports.com/,https://maps.google.com/?cid=15246051076562834635,3.9,3.5,3,https://www.yelp.com/biz/bmw-motorcycles-of-cambridge-arlington?adjust_creative=qOC01QrH4IaU62En4-mvXg&utm_campaign=yelp_api_v3&utm_medium=api_v3_phone_search&utm_source=qOC01QrH4IaU62En4-mvXg
Green Devil Garage,553 South Birdneck Road #209 Virginia Beach,36.822875,-76.001057,+1 757-995-7288,http://www.greendevilgarage.com/,https://maps.google.com/?cid=8549282167258578563,4.8,4.5,11,https://www.yelp.com/biz/green-devil-garage-virginia-beach?adjust_creative=qOC01QrH4IaU62En4-mvXg&utm_campaign=yelp_api_v3&utm_medium=api_v3_phone_search&utm_source=qOC01QrH4IaU62En4-mvXg
Hampton Roads Harley-Davidson,6450 George Washington Memorial Highway Yorktown,37.17195299999999,-76.471743,+1 757-872-7223,http://www.hrhd.com/,https://maps.google.com/?cid=17138405749443980604,4.8,4,7,https://www.yelp.com/biz/hampton-roads-harley-davidson-yorktown-3?adjust_creative=qOC01QrH4IaU62En4-mvXg&utm_campaign=yelp_api_v3&utm_medium=api_v3_phone_search&utm_source=qOC01QrH4IaU62En4-mvXg
Hardcore Choppers,44225 Mercure Circle Ste 190A Sterling,38.98679569999999,-77.47727639999999,+1 703-464-0494,http://www.hardcorechoppers.com/,https://maps.google.com/?cid=420332732292836974,4.2,1,6,https://www.yelp.com/biz/hardcore-choppers-sterling?adjust_creative=qOC01QrH4IaU62En4-mvXg&utm_campaign=yelp_api_v3&utm_medium=api_v3_phone_search&utm_source=qOC01QrH4IaU62En4-mvXg
Harley-Davidson of Quantico,17975 Main Street Dumfries,38.5618972,-77.3303523,+1 703-221-3757,http://www.harleydavidsonofquantico.com/,https://maps.google.com/?cid=6622648806344250812,4.3,3,9,https://www.yelp.com/biz/east-coast-harley-davidson-dumfries-2?adjust_creative=qOC01QrH4IaU62En4-mvXg&utm_campaign=yelp_api_v3&utm_medium=api_v3_phone_search&utm_source=qOC01QrH4IaU62En4-mvXg
Hilltop Cycle,145 Fairview Road Wytheville,36.9625482,-81.10457149999999,+1 276-228-7001,http://hilltopcycle.com/,https://maps.google.com/?cid=14216084443362897473,3.4,,,
Hillview Motorsports,4385 U.S. 30 Latrobe,40.2842601,-79.4302273,+1 724-537-5001,http://www.hillviewmotorsports.com/,https://maps.google.com/?cid=15544444962023931125,4.7,5,3,https://www.yelp.com/biz/hillview-motorsports-latrobe?adjust_creative=qOC01QrH4IaU62En4-mvXg&utm_campaign=yelp_api_v3&utm_medium=api_v3_phone_search&utm_source=qOC01QrH4IaU62En4-mvXg
Honda of Virginia Beach,2976 Virginia Beach Boulevard Virginia Beach,36.844216,-76.07581,+1 757-340-6161,http://www.hondabeach.com/,https://maps.google.com/?cid=3268229611320249364,3.4,1.5,5,https://www.yelp.com/biz/honda-of-virginia-beach-virginia-beach?adjust_creative=qOC01QrH4IaU62En4-mvXg&utm_campaign=yelp_api_v3&utm_medium=api_v3_phone_search&utm_source=qOC01QrH4IaU62En4-mvXg
Honda Suzuki of Lynchburg,2210 12th Street Lynchburg,37.4013266,-79.1594065,+1 434-847-1276,http://www.hondasuzukioflynchburg.com/,https://maps.google.com/?cid=10817102650287798426,4.5,5,2,https://www.yelp.com/biz/honda-suzuki-of-lynchburg-lynchburg?adjust_creative=qOC01QrH4IaU62En4-mvXg&utm_campaign=yelp_api_v3&utm_medium=api_v3_phone_search&utm_source=qOC01QrH4IaU62En4-mvXg
ICON Moto Sport,6353 Indian River Road Virginia Beach,36.8161557,-76.21209329999999,+1 757-361-5919,http://www.iconmotosport.com/,https://maps.google.com/?cid=15409205433949631191,4,,,
In Motion Motor Sports,10439 Nokesville Road Manassas,38.7441793,-77.5114148,+1 703-479-2566,,https://maps.google.com/?cid=10024318640335112570,,,,
Indian Motorcycle of Fredericksburg,10151 Southpoint Parkway Fredericksburg,38.2408245,-77.50601399999999,+1 540-642-4017,http://indianbikesva.com/,https://maps.google.com/?cid=11867756497409463055,4.9,4,4,https://www.yelp.com/biz/indian-motorcycle-of-fredericksburg-fredericksburg-2?adjust_creative=qOC01QrH4IaU62En4-mvXg&utm_campaign=yelp_api_v3&utm_medium=api_v3_phone_search&utm_source=qOC01QrH4IaU62En4-mvXg
Indian Motorcycle of Southeastern Virginia,11704 Jefferson Avenue Newport News,37.0777964,-76.47657459999999,+1 888-832-7045,http://www.indianmotorcycleofseva.com/,https://maps.google.com/?cid=8366771588850604409,4.9,5,2,https://www.yelp.com/biz/indian-motorcycle-of-southeastern-virginia-newport-news?adjust_creative=qOC01QrH4IaU62En4-mvXg&utm_campaign=yelp_api_v3&utm_medium=api_v3_phone_search&utm_source=qOC01QrH4IaU62En4-mvXg
James River Equipment,1953 South Amherst Highway Amherst,37.5322118,-79.0981175,+1 434-381-6035,http://www.jamesriverequipment.com/,https://maps.google.com/?cid=5706958618657113590,3.4,,,
James River Motorsports,3517 Boulevard Colonial Heights,37.2770567,-77.4118727,+1 804-526-2277,https://www.jamesrivermotorsportsinc.com/default.aspx,https://maps.google.com/?cid=17651315921445756557,4,,,
JDJ Motorsports,27 Whispering Pine Court Bumpass,37.8613803,-77.7813755,+1 540-872-9746,https://m.facebook.com/profile.php?id=401719000016974&tsid=0.12651433097198606&source=typeahead,https://maps.google.com/?cid=12230822642436088634,,,,
JME Mini Bikes,2505 South Military Highway Ste A Chesapeake,36.7766871,-76.28304779999999,+1 757-545-3858,http://jmeminibikes.com/,https://maps.google.com/?cid=5853977769548993621,5,,,
Kawasaki,1820 Anderson Highway Powhatan,37.511396,-77.76971229999999,+1 804-330-4800,http://www.ultimatecycle.net/,https://maps.google.com/?cid=12202404766136386587,3,,,
Ken's Cycle Center,501 East 9 Mile Road Highland Springs,37.542264,-77.324332,+1 804-737-7803,http://www.kenscycle.com/,https://maps.google.com/?cid=5793564230481817619,3.8,4.5,3,https://www.yelp.com/biz/kens-cycle-center-highland-springs?adjust_creative=qOC01QrH4IaU62En4-mvXg&utm_campaign=yelp_api_v3&utm_medium=api_v3_phone_search&utm_source=qOC01QrH4IaU62En4-mvXg
Kevin Powell Motorsports,6371 Burnt Poplar Road Greensboro,36.073419,-79.9342389,+1 336-852-4228,http://www.kevinpowellmotorsports.com/,https://maps.google.com/?cid=12709022883938876522,3.5,1.5,7,https://www.yelp.com/biz/kevin-powell-motorsports-greensboro-2?adjust_creative=qOC01QrH4IaU62En4-mvXg&utm_campaign=yelp_api_v3&utm_medium=api_v3_phone_search&utm_source=qOC01QrH4IaU62En4-mvXg
Kevin Powell MotorSports Winston Salem,5599 University Parkway Winston-Salem,36.172609,-80.27652400000001,+1 336-767-2020,http://www.kevinpowellmotorsports.com/,https://maps.google.com/?cid=1988189342178978451,3.4,1,2,https://www.yelp.com/biz/kevin-powell-motorsports-winston-salem-winston-salem-2?adjust_creative=qOC01QrH4IaU62En4-mvXg&utm_campaign=yelp_api_v3&utm_medium=api_v3_phone_search&utm_source=qOC01QrH4IaU62En4-mvXg
Kim Motor Co Inc,948 East Wythe Street Petersburg,37.2333004,-77.3866541,+1 804-732-8001,http://www.kimmotor.com/,https://maps.google.com/?cid=9995644651311296409,4.7,5,1,https://www.yelp.com/biz/kim-motor-co-petersburg?adjust_creative=qOC01QrH4IaU62En4-mvXg&utm_campaign=yelp_api_v3&utm_medium=api_v3_phone_search&utm_source=qOC01QrH4IaU62En4-mvXg
Kissell Motorsports,5165 East Pleasant Valley Boulevard Tyrone,40.6515168,-78.2671749,+1 814-861-7890,https://www.kissellmotorsports.com/,https://maps.google.com/?cid=7517031710979740773,5,5,4,https://www.yelp.com/biz/kissell-motorsports-tyrone?adjust_creative=qOC01QrH4IaU62En4-mvXg&utm_campaign=yelp_api_v3&utm_medium=api_v3_phone_search&utm_source=qOC01QrH4IaU62En4-mvXg
La Moto Washington,3298 Wilson Boulevard Ste A Arlington,38.884122,-77.098648,+1 703-243-7700,http://www.lamotowashington.com/,https://maps.google.com/?cid=1337457336066336508,3.8,4.5,19,https://www.yelp.com/biz/la-moto-washington-arlington-5?adjust_creative=qOC01QrH4IaU62En4-mvXg&utm_campaign=yelp_api_v3&utm_medium=api_v3_phone_search&utm_source=qOC01QrH4IaU62En4-mvXg
Lakeside Motor Sports,10964 90th Avenue Mecosta,43.6262011,-85.262033,+1 888-533-5015,http://www.lakesidemotorsports.net/,https://maps.google.com/?cid=1645779983893596660,4.3,,,
Legacy Motor Sports,10321 Jefferson Davis Highway Richmond,37.3847865,-77.4239532,+1 804-562-9598,http://www.legacymotorsportsrva.com/,https://maps.google.com/?cid=16425798044167136710,4,,,
Lethal Diesel Motorsports LLC.,303 Lee Jackson Highway Suite 103 Staunton,38.1178063,-79.0692799,+1 540-569-2168,http://lethaldieselmotorsports.com/,https://maps.google.com/?cid=11575903596540514925,5,,,
Linton Motorsport Inc,8505 Euclid Avenue unit m Manassas Park,38.7678581,-77.4446116,+1 703-551-2733,http://www.lintonmotorsport.com/,https://maps.google.com/?cid=10822961397083735190,4.5,5,2,https://www.yelp.com/biz/linton-motorsport-inc-manassas?adjust_creative=qOC01QrH4IaU62En4-mvXg&utm_campaign=yelp_api_v3&utm_medium=api_v3_phone_search&utm_source=qOC01QrH4IaU62En4-mvXg
LMN Motorsports,567 Central Drive #105 Virginia Beach,36.821909,-76.0611289,+1 757-233-0558,http://www.pcarshops.com/virginia/lmn-motorsports,https://maps.google.com/?cid=10210443360190602529,4.7,5,6,https://www.yelp.com/biz/lmn-motorsports-virginia-beach?adjust_creative=qOC01QrH4IaU62En4-mvXg&utm_campaign=yelp_api_v3&utm_medium=api_v3_phone_search&utm_source=qOC01QrH4IaU62En4-mvXg
Manassas Honda Kawasaki Suzuki (MHKS),9105 Mathis Avenue Manassas,38.7576457,-77.4654025,+1 703-361-2233,http://www.manassashonda.com/,https://maps.google.com/?cid=6730784868318340124,4,4,31,https://www.yelp.com/biz/manassas-honda-kawasaki-suzuki-manassas-2?adjust_creative=qOC01QrH4IaU62En4-mvXg&utm_campaign=yelp_api_v3&utm_medium=api_v3_phone_search&utm_source=qOC01QrH4IaU62En4-mvXg
Martin Motorsports Inc,5426 Eisenhower Avenue Alexandria,38.8009725,-77.1278293,+1 703-823-9735,http://www.martinmotorsportsinc.com/,https://maps.google.com/?cid=826794384621865117,5,4.5,15,https://www.yelp.com/biz/martin-motorsports-alexandria?adjust_creative=qOC01QrH4IaU62En4-mvXg&utm_campaign=yelp_api_v3&utm_medium=api_v3_phone_search&utm_source=qOC01QrH4IaU62En4-mvXg
MG Motorsports,45690 Elmwood Court #150 Sterling,39.022462,-77.420103,+1 703-785-5127,http://www.mgmotorsports.com/,https://maps.google.com/?cid=12497685799748713245,5,5,1,https://www.yelp.com/biz/mg-motorsports-sterling?adjust_creative=qOC01QrH4IaU62En4-mvXg&utm_campaign=yelp_api_v3&utm_medium=api_v3_phone_search&utm_source=qOC01QrH4IaU62En4-mvXg
Mid-State Motorsports,1191 South Walnut Avenue Cookeville,36.136785,-85.50873199999999,+1 931-528-5504,http://www.midstatemotorsports.net/,https://maps.google.com/?cid=841545862744165858,4.2,5,2,https://www.yelp.com/biz/mid-state-motorsports-inc-cookeville?adjust_creative=qOC01QrH4IaU62En4-mvXg&utm_campaign=yelp_api_v3&utm_medium=api_v3_phone_search&utm_source=qOC01QrH4IaU62En4-mvXg
Monster Motorsports,1700 Douthit Court Powhatan,37.5077416,-77.7401218,+1 804-794-9142,http://www.monstermotorsportsvirginia.com/,https://maps.google.com/?cid=17521594976249130677,4.8,5,3,https://www.yelp.com/biz/monster-motorsports-powhatan?adjust_creative=qOC01QrH4IaU62En4-mvXg&utm_campaign=yelp_api_v3&utm_medium=api_v3_phone_search&utm_source=qOC01QrH4IaU62En4-mvXg
Moon Motorsports,3613 Chelsea Rd W Monticello,45.3006153,-93.8135214,+1 763-295-2920,http://www.moonmotorsports.com/,https://maps.google.com/?cid=1020515783626145518,4.6,3,7,https://www.yelp.com/biz/moon-motorsports-monticello?adjust_creative=qOC01QrH4IaU62En4-mvXg&utm_campaign=yelp_api_v3&utm_medium=api_v3_phone_search&utm_source=qOC01QrH4IaU62En4-mvXg
Morton's BMW Motorcycles,5099 Jefferson Davis Highway A Fredericksburg,38.254692,-77.500778,+1 540-891-9844,http://www.mortonsbmw.com/,https://maps.google.com/?cid=16928023190592363530,4.8,4,9,https://www.yelp.com/biz/mortons-bmw-motorcycles-spotsylvania?adjust_creative=qOC01QrH4IaU62En4-mvXg&utm_campaign=yelp_api_v3&utm_medium=api_v3_phone_search&utm_source=qOC01QrH4IaU62En4-mvXg
Moto Richmond // Scoot Richmond,217 West 7th Street Richmond,37.5260417,-77.4423927,+1 804-230-1000,http://www.motorichmond.com/,https://maps.google.com/?cid=5929082538678960927,4.7,4.5,17,https://www.yelp.com/biz/moto-richmond-richmond?adjust_creative=qOC01QrH4IaU62En4-mvXg&utm_campaign=yelp_api_v3&utm_medium=api_v3_phone_search&utm_source=qOC01QrH4IaU62En4-mvXg
Motor Sports of Dayton,2135 South Dayton-Lakeview Road New Carlisle,39.8886292,-84.0483998,+1 937-849-1838,http://www.motorsportsofdayton.com/,https://maps.google.com/?cid=14884282050709557842,3.6,,,
Motor Sports World,43 Roydon Place Nepean,45.3391793,-75.7232497,+1 613-225-2892,http://www.motorsportsworld.com/,https://maps.google.com/?cid=10091033712717597516,3.9,4.5,2,https://www.yelp.com/biz/motor-sports-world-ottawa-2?adjust_creative=qOC01QrH4IaU62En4-mvXg&utm_campaign=yelp_api_v3&utm_medium=api_v3_phone_search&utm_source=qOC01QrH4IaU62En4-mvXg
Motorcycle Factory Inc.,3820 Prince William Parkway Woodbridge,38.661238,-77.324918,+1 703-583-9600,http://www.motorcyclefactoryinc.com/,https://maps.google.com/?cid=11180514232685510423,4,3.5,17,https://www.yelp.com/biz/motorcycle-factory-woodbridge-2?adjust_creative=qOC01QrH4IaU62En4-mvXg&utm_campaign=yelp_api_v3&utm_medium=api_v3_phone_search&utm_source=qOC01QrH4IaU62En4-mvXg
Motorcycle Rider Safety Course,3094 Colonial Avenue Southwest Roanoke,37.2456011,-79.9732111,+1 540-857-7231,,https://maps.google.com/?cid=6419432936281236835,,5,1,https://www.yelp.com/biz/virginia-western-community-college-roanoke-2?adjust_creative=qOC01QrH4IaU62En4-mvXg&utm_campaign=yelp_api_v3&utm_medium=api_v3_phone_search&utm_source=qOC01QrH4IaU62En4-mvXg
Motorcycles & More,525 East Washington Avenue Vinton,37.2797518,-79.8928121,+1 540-857-0707,,https://maps.google.com/?cid=595503282174051554,4.7,,,
Motorcycles Of Dulles,22890 Quicksilver Drive #189 Dulles,38.9827457,-77.47660540000001,+1 703-330-1200,http://www.motorcyclesofdulles.com/,https://maps.google.com/?cid=13766441071090246610,4.9,4.5,26,https://www.yelp.com/biz/motorcycles-of-dulles-sterling?adjust_creative=qOC01QrH4IaU62En4-mvXg&utm_campaign=yelp_api_v3&utm_medium=api_v3_phone_search&utm_source=qOC01QrH4IaU62En4-mvXg
MotoRelic Custom Cycles & Fabrication,39244 East Colonial Highway Hamilton,39.135889,-77.644909,+1 703-909-0967,http://www.motorelic.com/,https://maps.google.com/?cid=18221754687300838359,5,,,
Motorsports International,444 Washington Street Auburn,42.19297419999999,-71.824775,+1 508-832-9494,http://www.motorsportsint.com/,https://maps.google.com/?cid=10920644914366383687,4.1,3.5,13,https://www.yelp.com/biz/motorsports-international-auburn-2?adjust_creative=qOC01QrH4IaU62En4-mvXg&utm_campaign=yelp_api_v3&utm_medium=api_v3_phone_search&utm_source=qOC01QrH4IaU62En4-mvXg
Mountain Motor Sports Inc.,10115 Orby Cantrell Highway Pound,37.0904227,-82.600495,+1 276-796-4900,http://www.mtnmotorsports.net/,https://maps.google.com/?cid=7698342393959470862,4.6,,,
Mountain Motorsports Conyers,899 Iris Drive Southeast Conyers,33.656744,-84.018863,+1 770-761-4800,http://www.mmsconyers.com/,https://maps.google.com/?cid=7014926689755155579,4.5,3,11,https://www.yelp.com/biz/mountain-motorsports-conyers?adjust_creative=qOC01QrH4IaU62En4-mvXg&utm_campaign=yelp_api_v3&utm_medium=api_v3_phone_search&utm_source=qOC01QrH4IaU62En4-mvXg
Mountain Motorsports Kennesaw,3102 Cobb Parkway Northwest Kennesaw,34.0305168,-84.6531121,+1 770-974-6000,http://www.mmskennesaw.net/,https://maps.google.com/?cid=13414933315488011710,4.6,3,2,https://www.yelp.com/biz/freedom-power-sports-kennesaw-2?adjust_creative=qOC01QrH4IaU62En4-mvXg&utm_campaign=yelp_api_v3&utm_medium=api_v3_phone_search&utm_source=qOC01QrH4IaU62En4-mvXg
Mountain Motorsports Mall of Georgia,1700 Horizon Parkway Northeast Buford,34.0861943,-83.9964849,+1 678-509-7448,http://www.mmsmallofga.com/,https://maps.google.com/?cid=6290257112892542988,4.4,,,
Mountain Motorsports Marietta,780 Cobb Parkway South Marietta,33.933682,-84.511999,+1 770-425-4000,http://www.mmsmarietta.com/,https://maps.google.com/?cid=52648541128329461,4.3,2,33,https://www.yelp.com/biz/mountain-motorsports-marietta?adjust_creative=qOC01QrH4IaU62En4-mvXg&utm_campaign=yelp_api_v3&utm_medium=api_v3_phone_search&utm_source=qOC01QrH4IaU62En4-mvXg
Mountain Motorsports Sevierville,3422 Adventure Lane Kodak,35.98193,-83.612995,+1 865-932-7433,http://www.mtn-motorsportstn.com/,https://maps.google.com/?cid=878568122385165675,4.5,4.5,4,https://www.yelp.com/biz/mountain-motorsports-kodak-2?adjust_creative=qOC01QrH4IaU62En4-mvXg&utm_campaign=yelp_api_v3&utm_medium=api_v3_phone_search&utm_source=qOC01QrH4IaU62En4-mvXg
Murphy's Motorsports,164 Broadview Avenue Warrenton,38.7217875,-77.8065007,+1 540-359-6581,http://murphysmotorsports.com/,https://maps.google.com/?cid=698095474810647858,4.9,4,4,https://www.yelp.com/biz/murphys-motorsports-warrenton?adjust_creative=qOC01QrH4IaU62En4-mvXg&utm_campaign=yelp_api_v3&utm_medium=api_v3_phone_search&utm_source=qOC01QrH4IaU62En4-mvXg
Old Dominion Harley-Davidson,5224 Jefferson Davis Highway Fredericksburg,38.2506268,-77.497772,+1 540-376-7833,http://www.od-hd.com/,https://maps.google.com/?cid=6913270024669073472,4.2,,,
Outlaw Motorsports,15441 Braggs Corner Road Culpeper,38.4854612,-77.96263429999999,+1 540-829-0300,http://outlawmotorsportsone.com/,https://maps.google.com/?cid=3847368502149597696,3.9,1,1,https://www.yelp.com/biz/outlaw-motorsports-culpeper?adjust_creative=qOC01QrH4IaU62En4-mvXg&utm_campaign=yelp_api_v3&utm_medium=api_v3_phone_search&utm_source=qOC01QrH4IaU62En4-mvXg
Patriot Harley-Davidson,9739 Fairfax Boulevard Fairfax,38.863605,-77.28099800000001,+1 703-352-5400,http://www.patriothd.com/,https://maps.google.com/?cid=15088155963859363352,4,3.5,41,https://www.yelp.com/biz/patriot-harley-davidson-fairfax?adjust_creative=qOC01QrH4IaU62En4-mvXg&utm_campaign=yelp_api_v3&utm_medium=api_v3_phone_search&utm_source=qOC01QrH4IaU62En4-mvXg
Piney River Motorsports,2983 Patrick Henry Highway Piney River,37.7071067,-79.0239953,+1 434-277-8880,http://www.pineyrivermotorsports.com/,https://maps.google.com/?cid=10251638895996816725,3,,,
Precision Motorcycle,129 Southgate Avenue Virginia Beach,36.8416499,-76.15449529999999,+1 757-248-8004,http://www.precisionmotorcycle.com/,https://maps.google.com/?cid=7985948427960096682,4.6,4,18,https://www.yelp.com/biz/precision-motorcycle-virginia-beach?adjust_creative=qOC01QrH4IaU62En4-mvXg&utm_campaign=yelp_api_v3&utm_medium=api_v3_phone_search&utm_source=qOC01QrH4IaU62En4-mvXg
Redline Performance Motorsports,7331 George Washington Memorial Highway Yorktown,37.181247,-76.48319699999999,+1 757-989-5000,http://www.redlinemotors.com/,https://maps.google.com/?cid=9688396578330544792,3.4,4.5,10,https://www.yelp.com/biz/redline-performance-motorsports-yorktown?adjust_creative=qOC01QrH4IaU62En4-mvXg&utm_campaign=yelp_api_v3&utm_medium=api_v3_phone_search&utm_source=qOC01QrH4IaU62En4-mvXg
Richmond Harley-Davidson,12200 Harley Club Drive Ashland,37.7294161,-77.45210709999999,+1 804-752-2800,http://www.richmondharley.com/,https://maps.google.com/?cid=4168187723237160903,4.5,3.5,10,https://www.yelp.com/biz/richmond-harley-davidson-ashland?adjust_creative=qOC01QrH4IaU62En4-mvXg&utm_campaign=yelp_api_v3&utm_medium=api_v3_phone_search&utm_source=qOC01QrH4IaU62En4-mvXg
Richmond Honda House,7906 West Broad Street Richmond,37.6234496,-77.527018,+1 804-270-0123,https://richmondhondahouse.com/,https://maps.google.com/?cid=14433688567993018553,3.9,3.5,8,https://www.yelp.com/biz/honda-house-marine-richmond?adjust_creative=qOC01QrH4IaU62En4-mvXg&utm_campaign=yelp_api_v3&utm_medium=api_v3_phone_search&utm_source=qOC01QrH4IaU62En4-mvXg
Ride On Moto,4110 Valley Pike Winchester,39.113874,-78.200785,+1 540-722-7100,http://www.rideonmoto.com/,https://maps.google.com/?cid=6457959323850554095,4.8,5,1,https://www.yelp.com/biz/ride-on-moto-winchester?adjust_creative=qOC01QrH4IaU62En4-mvXg&utm_campaign=yelp_api_v3&utm_medium=api_v3_phone_search&utm_source=qOC01QrH4IaU62En4-mvXg
Rivercity Motorsports (Sault) Inc,1133 Great Northern Road Sault Ste. Marie,46.561561,-84.321314,+1 705-253-2750,http://rivercitysault.com/,https://maps.google.com/?cid=9079401501076576989,4.1,,,
Rosser Motorsports,104 Apple Tree Lane Waynesboro,38.0626733,-78.93927649999999,+1 540-941-1000,http://www.rossermotorsports.com/,https://maps.google.com/?cid=18374295548772442344,5,5,1,https://www.yelp.com/biz/zeros-subs-waynesboro?adjust_creative=qOC01QrH4IaU62En4-mvXg&utm_campaign=yelp_api_v3&utm_medium=api_v3_phone_search&utm_source=qOC01QrH4IaU62En4-mvXg
Ruckersville Motor Sports,87 Victory Lane Ruckersville,38.2527545,-78.3981572,+1 434-985-4861,http://www.trailertownusa.com/,https://maps.google.com/?cid=3740137895523348596,5,5,1,https://www.yelp.com/biz/ruckersville-motor-sports-and-trailer-sales-ruckersville?adjust_creative=qOC01QrH4IaU62En4-mvXg&utm_campaign=yelp_api_v3&utm_medium=api_v3_phone_search&utm_source=qOC01QrH4IaU62En4-mvXg
Screamin' MotorSports,19230 Eltham Road West Point,37.5289028,-76.8207386,+1 804-843-4548,http://screaminmotorsports.com/,https://maps.google.com/?cid=71615302507561617,4.9,,,
Shenandoah Harley-Davidson,213 Rolling Thunder Lane Staunton,38.11092530000001,-79.06488569999999,+1 540-213-7433,http://www.shenandoahhd.com/,https://maps.google.com/?cid=6942276327298187718,4.6,3.5,9,https://www.yelp.com/biz/shenandoah-harley-davidson-staunton?adjust_creative=qOC01QrH4IaU62En4-mvXg&utm_campaign=yelp_api_v3&utm_medium=api_v3_phone_search&utm_source=qOC01QrH4IaU62En4-mvXg
South Valley Motorsports,11553 S State Drpr Draper,40.5421071,-111.8904755,+1 801-576-1899,http://southvalleymotorsports.com/,https://maps.google.com/?cid=3039556096141033417,4,3.5,10,https://www.yelp.com/biz/south-valley-motorsports-draper?adjust_creative=qOC01QrH4IaU62En4-mvXg&utm_campaign=yelp_api_v3&utm_medium=api_v3_phone_search&utm_source=qOC01QrH4IaU62En4-mvXg
Southside Harley-Davidson,385 North Witchduck Road Virginia Beach,36.848688,-76.15597699999999,+1 757-499-8964,http://www.hrhd.com/,https://maps.google.com/?cid=15103803558175453677,4.7,3.5,14,https://www.yelp.com/biz/southside-harley-davidson-virginia-beach-3?adjust_creative=qOC01QrH4IaU62En4-mvXg&utm_campaign=yelp_api_v3&utm_medium=api_v3_phone_search&utm_source=qOC01QrH4IaU62En4-mvXg
SRS MOTORSPORTS,3112 Sands Drive Greensboro,36.11660200000001,-79.75344199999999,+1 336-375-5311,http://www.srsmotorsports.com/,https://maps.google.com/?cid=10687088512601721529,4.2,3.5,6,https://www.yelp.com/biz/srs-motorsports-greensboro?adjust_creative=qOC01QrH4IaU62En4-mvXg&utm_campaign=yelp_api_v3&utm_medium=api_v3_phone_search&utm_source=qOC01QrH4IaU62En4-mvXg
Star City Power Sports,5120 Peters Creek Road Roanoke,37.33206260000001,-79.98118580000001,+1 540-366-8500,http://www.shopstarcitypowersports.com/index.htm,https://maps.google.com/?cid=13034461049583596491,4.1,2,5,https://www.yelp.com/biz/star-city-powersports-roanoke?adjust_creative=qOC01QrH4IaU62En4-mvXg&utm_campaign=yelp_api_v3&utm_medium=api_v3_phone_search&utm_source=qOC01QrH4IaU62En4-mvXg
Steel Horse Harley-Davidson,11501 Hull Street Rd Midlothian,37.4337258,-77.6074732,+1 804-639-1737,http://www.steelhorseharley.com/,https://maps.google.com/?cid=3819960669077332099,4.3,4.5,4,https://www.yelp.com/biz/steel-horse-harley-davidson-midlothian?adjust_creative=qOC01QrH4IaU62En4-mvXg&utm_campaign=yelp_api_v3&utm_medium=api_v3_phone_search&utm_source=qOC01QrH4IaU62En4-mvXg
Sunrise Cycles,1559 East Little Creek Road Norfolk,36.9163284,-76.23133989999999,+1 757-583-2223,http://www.sunrisecycle.com/,https://maps.google.com/?cid=15479688968137374645,4.6,4,5,https://www.yelp.com/biz/sunrise-cycles-norfolk?adjust_creative=qOC01QrH4IaU62En4-mvXg&utm_campaign=yelp_api_v3&utm_medium=api_v3_phone_search&utm_source=qOC01QrH4IaU62En4-mvXg
Swampfox Motorsports-Bluefield,36911 Governor G C Peery Highway Bluefield,37.2174024,-81.3533047,+1 276-322-4386,http://www.swampfoxmotorsports.net/,https://maps.google.com/?cid=11374596701923495019,4.1,,,
Teague Motorsports,3453 U.S. 1 Franklinton,36.1021,-78.467581,+1 919-494-1122,,https://maps.google.com/?cid=4912330073186401649,2.3,,,
TeamMoto Suzuki Motorcycles Virginia Brisbane,1920 Sandgate Road Virginia,-27.3673231,153.0615135,+61 7 3259 2988,http://www.teammotosuzukivirginia.com.au/,https://maps.google.com/?cid=16073699334399312826,4.1,,,
Thayer Motorsports,9825 Atlee Commons Drive #116 Ashland,37.6990105,-77.4373154,+1 844-486-7783,http://www.thayermotorsports.com/,https://maps.google.com/?cid=10446186842403657083,5,,,
The Biker's Depot,5300 Kemps River Drive Virginia Beach,36.8030326,-76.17500369999999,+1 757-962-0159,http://www.thebikersdepot.com/,https://maps.google.com/?cid=17295987433598171066,3.5,3,6,https://www.yelp.com/biz/bikers-depot-virginia-beach-2?adjust_creative=qOC01QrH4IaU62En4-mvXg&utm_campaign=yelp_api_v3&utm_medium=api_v3_phone_search&utm_source=qOC01QrH4IaU62En4-mvXg
Thunder Road Harley Davidson,4870 Riverside Drive Danville,36.5911233,-79.45934339999999,+1 434-822-2453,http://www.thunderroadhd.com/,https://maps.google.com/?cid=134963729646908943,4.6,5,1,https://www.yelp.com/biz/thunder-road-harley-davidson-danville?adjust_creative=qOC01QrH4IaU62En4-mvXg&utm_campaign=yelp_api_v3&utm_medium=api_v3_phone_search&utm_source=qOC01QrH4IaU62En4-mvXg
Tidewater Motorcycles Inc,4324 Godwin Boulevard Suffolk,36.815133,-76.57668079999999,+1 757-255-4200,http://www.tidewatermotorcycles.com/,https://maps.google.com/?cid=12232280030944830332,4.5,4,5,https://www.yelp.com/biz/tidewater-motorcycles-inc-suffolk?adjust_creative=qOC01QrH4IaU62En4-mvXg&utm_campaign=yelp_api_v3&utm_medium=api_v3_phone_search&utm_source=qOC01QrH4IaU62En4-mvXg
Timbrook Honda of Winchester,2098 Berryville Pike Winchester,39.187398,-78.111187,+1 540-678-4727,https://timbrookhondaofwinchester.com/index.htm,https://maps.google.com/?cid=6890556617248987963,4.8,,,
TireMax - Powersports: Scooters golf carts go Karts and UTVs,7015 Brook Road Richmond,37.619083,-77.456998,+1 804-262-1900,http://www.tiremax.net/,https://maps.google.com/?cid=370189883292113687,4.6,5,1,https://www.yelp.com/biz/tiremax-powersports-richmond-2?adjust_creative=qOC01QrH4IaU62En4-mvXg&utm_campaign=yelp_api_v3&utm_medium=api_v3_phone_search&utm_source=qOC01QrH4IaU62En4-mvXg
Tommy's Motorsports,2401 North Charles G Seivers Boulevard Clinton,36.1688825,-84.0810237,+1 865-494-6500,http://www.tommysmotorsportsclinton.com/,https://maps.google.com/?cid=7232987918181126069,4.3,,,
Triangle Cycles,2104 Riverside Drive Danville,36.5961331,-79.4046994,+1 434-799-8000,http://www.trianglecycles.com/,https://maps.google.com/?cid=3311017155462513103,4.3,,,
Triangle Motorsports,3020 Hillsborough Street Raleigh,35.789956,-78.67701869999999,+1 919-890-5838,http://www.trianglemotorsports.com/,https://maps.google.com/?cid=4521187185262947554,4.8,4.5,2,https://www.yelp.com/biz/triangle-motorsports-raleigh?adjust_creative=qOC01QrH4IaU62En4-mvXg&utm_campaign=yelp_api_v3&utm_medium=api_v3_phone_search&utm_source=qOC01QrH4IaU62En4-mvXg
Triumph Motorcycles of Harrisonburg,3211 South Main Street Harrisonburg,38.40873,-78.906657,+1 540-564-0990,http://www.triumphofharrisonburg.com/,https://maps.google.com/?cid=16995293171749352425,4.2,2.5,2,https://www.yelp.com/biz/south-main-motors-harrisonburg?adjust_creative=qOC01QrH4IaU62En4-mvXg&utm_campaign=yelp_api_v3&utm_medium=api_v3_phone_search&utm_source=qOC01QrH4IaU62En4-mvXg
Ultimate Cycle,1820 Anderson Highway Powhatan,37.511402,-77.7695702,+1 804-897-7433,http://www.ultimatecycle.net/,https://maps.google.com/?cid=7811142888598346696,4.1,3.5,3,https://www.yelp.com/biz/ultimate-cycle-powhatan?adjust_creative=qOC01QrH4IaU62En4-mvXg&utm_campaign=yelp_api_v3&utm_medium=api_v3_phone_search&utm_source=qOC01QrH4IaU62En4-mvXg
United Motorsports,2341 Virginia Beach Boulevard Virginia Beach,36.841087,-76.050586,+1 757-282-6562,http://www.unitedmotorsva.com/,https://maps.google.com/?cid=16274375812062317643,3.6,2,7,https://www.yelp.com/biz/united-motorsports-virginia-beach?adjust_creative=qOC01QrH4IaU62En4-mvXg&utm_campaign=yelp_api_v3&utm_medium=api_v3_phone_search&utm_source=qOC01QrH4IaU62En4-mvXg
Valley Cycle Center,100 Myersons Drive Winchester,39.139719,-78.124555,+1 540-667-1893,http://www.valleycyclecenter.com/,https://maps.google.com/?cid=10572824195178481470,4.7,4,6,https://www.yelp.com/biz/valley-cycle-center-winchester?adjust_creative=qOC01QrH4IaU62En4-mvXg&utm_campaign=yelp_api_v3&utm_medium=api_v3_phone_search&utm_source=qOC01QrH4IaU62En4-mvXg
Valley Kawasaki-Suzuki Inc,195 East Mosby Road Harrisonburg,38.4182818,-78.8927868,+1 540-433-0232,https://valleykawasaki-suzukiinc.com/,https://maps.google.com/?cid=12406398490299915372,4.5,3.5,3,https://www.yelp.com/biz/valley-motorsports-harrisonburg?adjust_creative=qOC01QrH4IaU62En4-mvXg&utm_campaign=yelp_api_v3&utm_medium=api_v3_phone_search&utm_source=qOC01QrH4IaU62En4-mvXg
Valley Motorsports Inc,216 North King Street Northampton,42.343893,-72.64326919999999,+1 413-584-7303,http://www.valleymotorsports.com/,https://maps.google.com/?cid=9575328942173731237,4.1,2.5,6,https://www.yelp.com/biz/valley-motorsports-northampton?adjust_creative=qOC01QrH4IaU62En4-mvXg&utm_campaign=yelp_api_v3&utm_medium=api_v3_phone_search&utm_source=qOC01QrH4IaU62En4-mvXg
Vespa,3298 Wilson Boulevard Arlington,38.8841778,-77.09839909999999,+1 703-243-8377,https://www.lamotowashington.com/,https://maps.google.com/?cid=8354540323774197433,2.8,3.5,40,https://www.yelp.com/biz/la-moto-washington-arlington-3?adjust_creative=qOC01QrH4IaU62En4-mvXg&utm_campaign=yelp_api_v3&utm_medium=api_v3_phone_search&utm_source=qOC01QrH4IaU62En4-mvXg
Village Motorsports,23436 Constitution Highway Unionville,38.2640123,-77.9622045,+1 540-854-8800,http://www.villagemotorsportsva.com/,https://maps.google.com/?cid=15680440275820191211,4.8,,,
Village MotorSports,3700 Plainfield Avenue Northeast Grand Rapids,43.030048,-85.62862799999999,+1 616-432-6262,http://www.vmsgrandrapids.com/,https://maps.google.com/?cid=5846977440172155598,4.3,4,8,https://www.yelp.com/biz/village-motorsports-grand-rapids?adjust_creative=qOC01QrH4IaU62En4-mvXg&utm_campaign=yelp_api_v3&utm_medium=api_v3_phone_search&utm_source=qOC01QrH4IaU62En4-mvXg
Village MotorSports of Holland,13035 New Holland Street Holland,42.8569614,-86.1060406,+1 616-399-5000,http://www.vmsholland.com/,https://maps.google.com/?cid=16450687339742791675,4.7,5,6,https://www.yelp.com/biz/village-motor-sports-holland-2?adjust_creative=qOC01QrH4IaU62En4-mvXg&utm_campaign=yelp_api_v3&utm_medium=api_v3_phone_search&utm_source=qOC01QrH4IaU62En4-mvXg
Virgil Naff Power Sports,1101 Kemper Street Lynchburg,37.404541,-79.15566099999999,+1 434-528-0462,http://www.virgilnaff.com/,https://maps.google.com/?cid=11350297792882088332,4.4,,,
Virginia Beach Harley Davidson,1908 Atlantic Avenue Virginia Beach,36.8477198,-75.97519339999999,+1 757-425-2458,http://www.hrhd.com/,https://maps.google.com/?cid=8295250307151491763,4.5,4.5,3,https://www.yelp.com/biz/virginia-beach-harley-davidson-virginia-beach-2?adjust_creative=qOC01QrH4IaU62En4-mvXg&utm_campaign=yelp_api_v3&utm_medium=api_v3_phone_search&utm_source=qOC01QrH4IaU62En4-mvXg
Virginia Motorrad,1503 6th Street Southeast Unit 2 Charlottesville,38.018236,-78.486147,+1 434-409-3767,http://vamotorrad.com/,https://maps.google.com/?cid=9680749558578370338,5,,,
Virginia Motorsports Park,8018 Boydton Plank Road North Dinwiddie,37.1651417,-77.5224917,+1 804-862-3174,http://www.virginiamotorsports.com/,https://maps.google.com/?cid=5185783950081202010,4.5,,,
Virginia Power Motor Sports,8381 Seminole Trail Ruckersville,38.2264144,-78.3747381,+1 434-990-0005,http://www.virginiapowermotorsports.com/,https://maps.google.com/?cid=5856958893545039656,3.9,1.5,2,https://www.yelp.com/biz/virginia-power-motor-sports-llc-ruckersville?adjust_creative=qOC01QrH4IaU62En4-mvXg&utm_campaign=yelp_api_v3&utm_medium=api_v3_phone_search&utm_source=qOC01QrH4IaU62En4-mvXg
Wayne Cycle Shop,183 East Side Highway Waynesboro,38.0972727,-78.8607768,+1 540-943-1111,http://www.waynecycle.com/,https://maps.google.com/?cid=2080166487433336262,4.2,3.5,3,https://www.yelp.com/biz/wayne-cycle-shop-waynesboro-3?adjust_creative=qOC01QrH4IaU62En4-mvXg&utm_campaign=yelp_api_v3&utm_medium=api_v3_phone_search&utm_source=qOC01QrH4IaU62En4-mvXg
Weride Motorsports,1431 6th Street Victoria,36.9936421,-78.22480689999999,+1 434-696-4190,,https://maps.google.com/?cid=10408836927944883896,2,,,
White Smoke Motorsports LLC,1819 East Side Highway Crimora,38.1526374,-78.8400511,+1 540-221-6299,http://www.whitesmokemotorsports.com/,https://maps.google.com/?cid=14018968799048243454,5,,,
Winchester Motosports,117 Hopewell Lane Clear Brook,39.2556553,-78.1002726,+1 540-722-2688,,https://maps.google.com/?cid=8497237423260046425,4.6,4.5,5,https://www.yelp.com/biz/winchester-moto-sports-clear-brook?adjust_creative=qOC01QrH4IaU62En4-mvXg&utm_campaign=yelp_api_v3&utm_medium=api_v3_phone_search&utm_source=qOC01QrH4IaU62En4-mvXg